ID,V1,V2,V3,V4,V5,V6,V7,V8
1,13500,23,46986,Diesel,90,2000,3,210
2,13750,23,72937,Diesel,90,2000,3,210
3,13950,24,41711,Diesel,90,2000,3,210
4,14950,26,48000,Diesel,90,2000,3,210
5,13750,30,38500,Diesel,90,2000,3,210
6,12950,32,61000,Diesel,90,2000,3,210
7,16900,27,94612,Diesel,90,2000,3,210
8,18600,30,75889,Diesel,90,2000,3,210
9,21500,27,19700,Petrol,192,1800,3,100
10,12950,23,71138,Diesel,69,1900,3,185
11,20950,25,31461,Petrol,192,1800,3,100
12,19950,22,43610,Petrol,192,1800,3,100
13,19600,25,32189,Petrol,192,1800,3,100
14,21500,31,23000,Petrol,192,1800,3,100
15,22500,32,34131,Petrol,192,1800,3,100
16,22000,28,18739,Petrol,192,1800,3,100
17,22750,30,34000,Petrol,192,1800,3,100
18,17950,24,21716,Petrol,110,1600,3,85
19,16750,24,25563,Petrol,110,1600,3,19
20,16950,30,64359,Petrol,110,1600,3,85
21,15950,30,67660,Petrol,110,1600,3,85
22,16950,29,43905,Petrol,110,1600,3,100
23,15950,28,56349,Petrol,110,1600,3,85
24,16950,28,32220,Petrol,110,1600,3,85
25,16250,29,25813,Petrol,110,1600,3,85
26,15950,25,28450,Petrol,110,1600,3,85
27,17495,27,34545,Petrol,110,1600,3,85
28,15750,29,41415,Petrol,110,1600,3,85
29,16950,28,44142,Petrol,110,1600,3,85
30,17950,30,11090,Petrol,110,1600,3,85
31,12950,29,9750,Petrol,97,1400,3,19
32,15750,22,35199,Petrol,97,1400,3,85
33,15950,27,29510,Petrol,97,1400,3,85
34,14950,26,32692,Petrol,97,1400,3,85
35,15500,22,41000,Petrol,97,1400,3,85
36,15750,26,43000,Petrol,97,1400,3,85
37,15950,25,25000,Petrol,97,1400,3,85
38,14950,23,10000,Petrol,97,1400,3,85
39,15750,32,25329,Petrol,97,1400,3,85
40,14750,27,27500,Petrol,97,1400,3,85
41,13950,22,49059,Petrol,97,1400,3,85
42,16750,27,44068,Petrol,97,1400,3,85
43,13950,22,46961,Petrol,97,1400,3,85
44,16950,27,110404,Diesel,90,2000,5,234
45,16950,22,100250,Diesel,90,2000,5,234
46,19000,23,84000,Diesel,90,2000,5,234
47,17950,27,79375,Diesel,90,2000,5,234
48,15800,22,75048,Petrol,97,1400,5,85
49,17950,22,72215,Diesel,90,2000,5,234
50,21950,31,64982,Petrol,192,1800,5,100
51,17950,22,62636,Diesel,90,2000,5,234
52,15750,30,57086,Petrol,97,1400,5,85
53,20500,26,56000,Petrol,110,1600,5,100
54,21950,27,49866,Petrol,192,1800,5,100
55,15500,25,49163,Petrol,110,1600,5,100
56,13250,32,45725,Petrol,110,1600,5,85
57,15250,28,43210,Petrol,97,1400,5,85
58,15250,26,43000,Petrol,97,1400,5,85
59,18950,23,39704,Petrol,110,1600,5,100
60,15999,30,38950,Petrol,110,1600,5,85
61,14950,22,37400,Petrol,97,1400,5,85
62,16500,27,37177,Petrol,110,1600,5,85
63,18750,31,36544,Petrol,110,1600,5,85
64,17950,30,33511,Petrol,110,1600,5,85
65,17950,27,32809,Petrol,97,1400,5,85
66,16950,26,32181,Petrol,110,1600,5,19
67,18950,28,30993,Petrol,110,1600,5,85
68,14950,22,30400,Petrol,97,1400,5,85
69,22250,22,30000,Diesel,110,2000,5,234
70,15950,25,29719,Petrol,97,1400,5,85
71,15950,28,29206,Petrol,97,1400,5,85
72,12995,32,29198,Petrol,97,1400,5,85
73,18950,28,28817,Petrol,110,1598,5,85
74,15750,23,28227,Petrol,97,1400,5,85
75,19950,28,28000,Petrol,110,1600,5,85
76,16950,23,28000,Petrol,110,1600,5,85
77,18750,31,25266,Petrol,110,1600,5,85
78,18450,27,23489,Petrol,110,1600,5,85
79,16895,29,22575,Petrol,110,1600,5,85
80,14900,30,22000,Petrol,97,1400,5,85
81,18950,25,20019,Petrol,110,16000,5,100
82,17250,29,20000,Petrol,110,1600,5,85
83,15450,25,17003,Petrol,97,1400,5,85
84,17950,31,16238,Petrol,110,1600,5,100
85,16650,25,15414,Petrol,97,1400,5,85
86,17450,28,8537,Petrol,110,1600,5,85
87,14900,30,7000,Petrol,97,1400,5,85
88,17950,20,66966,Diesel,90,2000,3,210
89,15950,19,51884,Petrol,97,1400,3,85
90,21950,19,50005,Diesel,110,2000,3,234
91,16450,20,48110,Petrol,97,1400,3,85
92,22250,20,37500,Diesel,90,2000,3,234
93,19950,16,34472,Diesel,90,1995,3,234
94,15950,20,33329,Petrol,97,1400,3,85
95,18900,20,31850,Petrol,110,1600,3,85
96,19950,17,30351,Diesel,90,1995,3,234
97,15950,19,29435,Petrol,97,1400,3,85
98,15950,19,25948,Petrol,97,1400,3,85
99,18750,11,24500,Petrol,110,1600,3,85
100,17450,18,23902,Petrol,97,1400,3,85
101,18990,20,23175,Petrol,110,1600,3,85
102,16250,19,19200,Petrol,97,1400,3,85
103,18500,13,18000,Petrol,71,1400,3,85
104,18500,11,16123,Petrol,110,1600,3,85
105,19450,11,14635,Petrol,110,1600,3,100
106,16950,19,13748,Petrol,97,1400,3,85
107,18800,14,11500,Petrol,110,1600,3,69
108,17450,17,10000,Petrol,97,1400,3,85
109,17950,20,7187,Petrol,110,1600,3,85
111,32500,4,1,Diesel,116,2000,5,283
112,31000,4,4000,Diesel,116,2000,5,283
113,31275,4,1500,Diesel,116,2000,5,283
114,24950,8,13253,Diesel,116,2000,5,234
115,24950,8,13253,Diesel,116,2000,5,234
116,22950,7,10000,Diesel,116,2000,5,234
117,24990,8,6000,Diesel,90,2000,5,234
118,21950,8,10841,Diesel,90,2000,5,234
119,17900,7,1,Petrol,110,1600,3,85
120,19250,20,63000,Diesel,90,2000,5,234
121,22250,17,57313,Diesel,110,2000,5,234
122,18950,13,57037,Petrol,110,1600,5,85
123,19950,19,51099,Diesel,90,2000,5,234
124,16350,14,40010,Petrol,110,1600,5,85
125,18950,20,39115,Petrol,110,1600,5,85
126,16950,17,36012,Petrol,110,1600,5,85
127,21750,16,36000,Petrol,110,1600,5,85
128,15950,20,36000,Petrol,110,1600,5,19
129,16500,20,35000,Petrol,97,1400,5,85
130,17950,17,33740,Petrol,97,1400,5,85
131,15850,13,33477,Petrol,110,1600,5,19
132,16250,20,32627,Petrol,97,1400,5,85
133,15950,20,29797,Petrol,97,1400,5,85
134,16250,19,29441,Petrol,97,1400,5,85
135,15950,13,29371,Petrol,110,1600,4,19
136,16500,20,29000,Petrol,97,1400,5,85
137,16500,19,27821,Petrol,97,1400,5,85
138,18450,19,27371,Petrol,97,1400,5,85
139,16250,13,25170,Petrol,110,1600,5,19
140,23000,11,25000,Diesel,116,2000,5,64
141,19900,20,23000,Petrol,110,1600,5,85
142,16450,20,22588,Petrol,97,1400,5,85
143,23950,19,21684,Petrol,192,1800,5,19
144,19950,13,21428,Petrol,110,1600,5,85
145,18500,16,20629,Petrol,110,1600,4,85
146,18950,15,20270,Petrol,110,1600,5,85
147,16450,16,20105,Petrol,97,1400,5,85
148,20500,20,20000,Petrol,110,1600,5,100
149,24500,13,19988,Petrol,110,1600,5,85
150,19450,19,18328,Petrol,110,1600,5,85
151,20950,14,17896,Petrol,110,1600,4,85
152,17200,20,17300,Petrol,97,1400,5,85
153,19950,19,17038,Petrol,110,1600,5,85
154,18450,10,13747,Petrol,97,1400,5,85
155,19500,12,13634,Petrol,110,1600,5,85
156,21750,13,13178,Petrol,110,1600,5,85
157,16868,15,13157,Petrol,97,1400,4,85
158,19500,16,13000,Petrol,110,1600,4,85
159,18900,11,12500,Petrol,110,1600,5,85
160,19750,17,11999,Petrol,110,1600,5,85
161,19750,16,11754,Petrol,110,1600,5,100
162,18950,16,11000,Petrol,110,1600,4,85
163,20750,17,10000,Petrol,110,1598,5,85
164,19600,9,7650,Petrol,110,1600,5,85
165,19500,14,6500,Petrol,110,1600,4,85
166,17650,11,6155,Petrol,97,1400,5,85
167,19950,14,6000,Petrol,110,1600,5,85
168,19950,14,5459,Petrol,110,1600,5,85
169,20950,14,5278,Petrol,110,1600,4,85
170,20500,12,5000,Petrol,110,1600,5,85
171,17795,9,1,Petrol,98,1400,4,19
172,18245,9,1,Petrol,110,1600,5,19
173,23750,8,11000,Petrol,110,1600,5,85
174,19500,8,10077,Petrol,97,1400,5,85
175,18950,8,10000,Petrol,97,1400,5,85
176,21950,8,9788,Petrol,110,1600,5,85
177,19950,8,8574,Petrol,110,1600,5,85
178,18950,8,7000,Petrol,110,1600,5,85
179,19950,7,6250,Petrol,110,1600,5,85
180,21950,8,5000,Petrol,110,1600,5,85
181,22500,6,3000,Petrol,110,1600,5,85
182,18500,7,2000,Petrol,110,1600,5,19
183,18700,7,450,Petrol,97,1400,5,85
184,21125,2,225,Petrol,97,1400,5,85
185,21500,2,15,Petrol,110,1600,5,85
186,17795,1,1,Petrol,98,1400,4,19
187,18245,1,1,Petrol,110,1600,5,19
188,6950,43,243000,Diesel,69,1900,3,185
189,9500,38,180638,Diesel,90,2000,4,210
190,11950,40,179860,Diesel,90,2000,5,210
191,7750,43,178858,CNG,110,1600,3,197
192,11950,40,161000,Diesel,69,1900,3,185
193,4350,44,158320,Diesel,69,1800,5,64
194,4750,44,131273,Diesel,69,1800,5,64
195,11750,40,130062,Diesel,69,1900,5,185
196,13250,41,123425,Diesel,69,1900,5,185
197,11950,37,118217,Petrol,110,1600,5,85
198,11900,44,110000,Diesel,69,1900,5,185
199,14750,39,108847,Diesel,90,2000,5,210
200,9950,42,105699,Petrol,97,1400,3,69
201,11950,39,98823,CNG,110,1600,5,197
202,11495,44,96829,Petrol,110,1600,5,85
203,11250,40,96518,Petrol,97,1400,3,69
204,10500,42,92204,Petrol,110,1600,5,85
205,10450,35,91456,Diesel,69,1900,3,185
206,12950,43,89968,Diesel,69,1900,5,185
207,11500,44,89757,Petrol,110,1600,3,69
208,12500,40,85389,Petrol,110,1600,5,85
209,10950,43,85017,Petrol,97,1400,5,85
210,11450,41,84312,Petrol,110,1600,5,85
211,11950,37,82743,CNG,110,1600,5,197
212,13250,41,81106,Diesel,69,1900,5,185
213,14750,40,80425,Diesel,90,2000,5,210
214,11790,34,78677,Petrol,110,1600,5,85
215,11450,40,78425,Petrol,110,1600,5,85
216,13500,33,78108,Diesel,90,2000,3,210
217,10950,33,77321,Petrol,110,1600,5,85
218,13500,33,75699,Diesel,69,1900,3,185
219,10950,41,75697,Petrol,97,1400,3,69
220,10950,44,74846,Petrol,97,1400,3,69
221,12950,38,74319,Petrol,110,1600,5,85
222,11950,43,74285,Petrol,110,1600,5,85
223,12450,44,74172,Petrol,110,1600,5,163
224,11950,40,73042,Petrol,110,1598,5,85
225,14950,44,71793,CNG,110,1600,4,197
226,12450,35,71200,Petrol,110,1600,5,85
227,12950,38,67805,Petrol,110,1600,5,85
228,11950,35,65988,Petrol,110,1600,3,69
229,11690,34,65345,Petrol,97,1400,5,85
230,12450,42,64564,Petrol,110,1600,5,85
231,12750,36,63459,Petrol,97,1400,5,85
232,11925,44,63451,Petrol,97,1400,3,69
233,12950,33,62000,Petrol,110,1600,5,19
234,11950,42,61300,Petrol,97,1400,3,69
235,12900,41,61200,Petrol,110,1600,3,69
236,11900,41,61000,Petrol,110,1600,5,85
237,11650,38,60829,Petrol,110,1600,5,85
238,10950,44,60500,Petrol,110,1600,5,85
239,13950,35,59500,Diesel,69,1900,3,64
240,13950,44,59000,Petrol,110,1600,5,85
241,11950,40,58954,Petrol,110,1600,5,85
242,10950,38,58798,Petrol,110,1600,5,85
243,12450,38,58363,Petrol,110,1600,3,85
244,11950,43,58277,Petrol,110,1600,3,69
245,13500,33,57711,Diesel,90,2000,3,210
246,11690,33,57269,Petrol,110,1600,5,85
247,13500,39,56001,Petrol,110,1600,5,85
248,11950,42,55968,Petrol,110,1600,3,69
249,12900,39,55678,Petrol,110,1600,4,69
250,13500,43,55539,Petrol,110,1600,5,85
251,11750,42,55400,Petrol,110,1600,5,85
252,11750,33,55350,Petrol,110,1600,5,85
253,10850,43,54600,Petrol,110,1600,4,69
254,11750,43,53773,Petrol,110,1600,5,85
255,14950,42,53719,Petrol,110,1600,5,85
256,9940,39,53644,Petrol,110,1600,5,19
257,12900,42,53350,Petrol,110,1600,5,85
258,13500,38,53000,Petrol,110,1600,5,85
259,11750,44,52084,Petrol,97,1400,3,69
260,11950,44,52000,Petrol,97,1400,3,69
261,13450,33,51945,Petrol,110,1600,5,85
262,11950,41,51732,Petrol,97,1400,3,69
263,12495,39,50873,Petrol,110,1600,5,85
264,13500,41,50856,Petrol,110,1600,4,69
265,12750,40,50640,Petrol,110,1600,5,85
266,12000,39,50000,Petrol,97,1400,5,85
267,11950,38,49500,Petrol,110,1600,5,85
268,12495,44,49332,Petrol,110,1600,5,85
269,12450,34,49291,Petrol,110,1600,3,69
270,14750,40,48952,Diesel,90,2000,5,210
271,10950,39,48945,Petrol,110,1600,3,69
272,13500,33,48928,Diesel,69,1900,3,185
273,12950,38,48197,Petrol,110,1600,5,85
274,13500,35,48052,Diesel,69,1900,3,185
275,13450,34,48011,Petrol,110,1600,4,69
276,13500,43,48000,Petrol,110,1600,5,85
277,11480,41,47350,Petrol,110,1600,5,85
278,13450,39,46821,Petrol,97,1400,5,85
279,11495,39,46694,Petrol,110,1600,3,69
280,12750,43,46515,Petrol,97,1400,5,69
281,14990,38,46327,Petrol,110,1600,3,85
282,12950,35,46304,Petrol,97,1400,5,85
283,12950,40,45886,Petrol,110,1600,5,85
284,12850,39,45713,Petrol,97,1400,5,19
285,13950,40,45600,Petrol,110,1600,5,85
286,11950,41,45287,Petrol,110,1600,5,85
287,12950,39,45081,Petrol,110,1600,5,85
288,11700,40,44830,Petrol,110,1600,5,85
289,9950,37,44757,Petrol,97,1400,3,69
290,11895,44,44218,Petrol,97,1400,5,85
291,12950,43,43632,Petrol,110,1600,5,85
292,12500,36,43427,Petrol,110,1600,3,69
293,13875,39,43254,Petrol,110,1600,5,85
294,10500,35,43000,Petrol,110,1600,3,69
295,12295,33,42823,Petrol,110,1600,5,85
296,13950,42,42560,Petrol,110,1600,5,85
297,10950,38,41754,Petrol,110,1600,3,69
298,12950,44,41499,CNG,110,1600,5,197
299,12850,40,41339,Petrol,110,1600,5,85
300,13995,35,41000,Petrol,110,1600,5,85
301,13750,39,40000,Petrol,110,1600,3,85
302,12750,37,39757,Petrol,110,1600,5,85
303,12500,41,39659,Petrol,110,1600,3,69
304,13950,43,39650,Petrol,110,1600,3,85
305,11500,39,39524,Petrol,97,1398,3,69
306,13950,44,39516,Petrol,97,1400,5,85
307,11895,41,39439,Petrol,97,1400,5,85
308,9950,44,39000,Petrol,97,1400,3,69
309,13500,42,38932,Petrol,110,1600,3,69
310,11450,37,38812,Petrol,97,1400,3,69
311,12450,42,38665,Petrol,110,1600,5,85
312,12950,40,38653,Petrol,110,1600,5,85
313,13995,44,38461,Petrol,110,1600,5,85
314,11750,42,38078,Petrol,97,1400,3,69
315,11650,39,37782,Petrol,97,1400,5,85
316,9950,43,37576,Petrol,97,1400,3,69
317,13950,41,37533,Petrol,110,1600,5,85
318,12950,44,37389,Petrol,110,1600,5,85
319,10950,38,37320,Petrol,97,1400,3,69
320,9900,42,37000,Petrol,97,1400,3,69
321,11950,44,37000,Petrol,110,1600,4,19
322,11990,40,36566,Petrol,110,1600,5,85
323,10750,36,36269,Petrol,110,1600,5,85
324,13950,37,36074,Petrol,110,1600,5,19
325,11250,44,36066,Petrol,110,1600,3,69
326,12950,39,34599,Petrol,110,1600,5,85
327,11950,41,34000,Petrol,110,1600,5,85
328,10950,42,33623,Petrol,97,1400,3,69
329,12950,33,33591,Petrol,110,1600,5,85
330,12950,35,33258,Petrol,110,1600,5,85
331,11695,43,33113,Petrol,110,1600,5,85
332,11000,41,33000,Petrol,110,1600,5,19
333,13950,35,32941,Petrol,110,1600,5,85
334,11950,38,32781,Petrol,110,1600,5,85
335,11750,40,32532,Petrol,110,1600,3,69
336,12400,34,32431,Petrol,97,1400,5,85
337,12500,35,32000,Petrol,110,1600,3,69
339,12900,33,31000,Petrol,110,1600,5,19
340,12200,41,30989,Petrol,110,1600,3,69
341,12750,43,30742,Petrol,110,1600,3,69
342,11950,42,30190,Petrol,110,1600,5,85
343,11900,41,29716,Petrol,116,1600,5,85
344,11950,44,29716,Petrol,110,1600,3,85
345,14950,42,29640,Petrol,110,1600,3,85
346,11950,41,29056,Petrol,97,1400,5,85
347,12950,33,28715,Petrol,110,1600,5,85
348,14950,41,28571,Petrol,110,1600,5,85
349,13450,40,28362,Petrol,110,1600,3,69
350,13750,38,28150,Petrol,110,1600,5,85
351,12950,43,27301,Petrol,110,1600,3,69
352,12750,33,27240,Petrol,110,1600,5,85
353,11895,39,27170,Petrol,97,1400,5,85
354,9950,42,27141,Petrol,97,1400,5,85
355,12450,38,26262,Petrol,110,1600,5,85
356,12500,38,26000,Petrol,97,1400,5,85
357,14950,43,25228,Petrol,110,1600,3,69
358,13750,39,25062,Petrol,110,1600,5,85
359,12695,39,24723,Petrol,110,1600,4,85
360,14990,33,24650,Petrol,110,1600,3,85
361,12750,43,24553,Petrol,110,1600,5,85
362,14350,41,24475,Petrol,110,1600,5,69
363,12950,39,24444,Petrol,110,1600,3,69
364,11500,35,24011,Petrol,97,1400,3,69
365,11950,41,24000,Petrol,97,1400,3,69
366,13450,40,23616,Petrol,110,1600,5,85
367,12900,38,22865,Petrol,110,1600,5,85
368,10500,41,22780,Petrol,86,1300,5,69
369,10950,35,21904,Petrol,97,1400,3,69
370,11950,41,21651,Petrol,97,1400,3,69
371,11450,37,21500,Petrol,110,1600,5,69
372,13250,44,21027,Petrol,110,1600,5,85
373,10250,39,18500,Petrol,110,1600,4,69
374,13995,35,18000,Petrol,110,1600,5,85
375,11950,40,17051,Petrol,97,1400,5,85
376,13250,33,16512,Petrol,97,1400,5,19
377,12950,40,16325,Petrol,110,1600,5,85
378,11750,38,16000,Petrol,97,1400,5,85
379,11500,39,12000,Petrol,110,1600,5,85
380,13500,43,10000,Petrol,97,1400,5,85
381,6500,53,216000,Diesel,69,1900,3,185
382,6400,51,198167,Diesel,69,1900,4,185
383,7000,53,176000,Diesel,69,1900,3,185
384,7750,54,174139,Diesel,72,2000,4,185
385,8900,45,174000,Diesel,69,1900,5,185
386,8500,55,150000,CNG,110,1600,3,72
387,8950,54,149329,Diesel,72,2000,5,185
388,9900,51,146736,Petrol,110,1600,5,85
389,10250,53,143513,Diesel,69,1900,5,185
390,9250,48,142130,CNG,110,1600,5,197
391,7750,48,140700,Diesel,69,1900,5,64
392,9450,54,138394,Diesel,69,1900,4,185
393,7750,55,137000,Diesel,72,2000,5,185
394,8250,52,135258,Diesel,69,1900,5,185
395,9950,49,131364,Petrol,110,1600,5,85
396,4450,56,129155,Diesel,69,1800,5,64
397,9950,50,126110,Petrol,110,1600,3,85
398,9000,48,119742,Petrol,110,1600,5,85
399,9950,53,117913,Diesel,69,1900,5,64
400,12450,47,117430,Diesel,90,2000,3,210
401,10500,55,117175,Petrol,110,1600,4,69
402,10750,54,115558,Petrol,110,1600,4,69
403,8950,53,115113,Petrol,97,1400,3,69
404,10500,54,115046,Diesel,69,1900,5,185
405,5150,56,113997,Diesel,72,2000,5,64
406,10950,49,107859,Petrol,97,1400,5,85
407,9450,52,104805,Petrol,97,1400,3,69
408,9950,54,103454,Petrol,110,1600,5,85
409,10950,51,103018,Diesel,69,1900,5,185
410,11900,47,102352,Petrol,110,1600,5,85
411,9950,50,102030,Petrol,97,1400,5,85
412,11950,54,101352,Petrol,110,1600,5,85
413,7900,50,99865,Petrol,110,1600,4,69
414,10950,52,99323,Petrol,110,1600,3,85
415,8950,48,98100,Diesel,69,1900,5,185
416,11950,51,98040,Petrol,110,1600,5,85
417,10900,49,97600,Petrol,110,1600,3,69
418,9950,55,97234,Petrol,110,1600,5,85
419,9950,51,96135,Diesel,72,2000,3,185
420,10950,54,96100,Petrol,110,1600,5,85
421,8950,55,94401,Diesel,72,2000,3,185
422,8950,55,94122,Petrol,86,1300,3,69
423,10500,49,91340,Petrol,110,1600,3,85
424,8950,53,90200,Petrol,97,1400,3,69
425,9250,53,90097,Diesel,69,1900,5,185
426,11500,48,89049,Petrol,97,1400,5,85
427,9750,52,89000,Petrol,110,1600,5,85
428,9950,45,87274,Petrol,110,1600,3,69
429,11450,49,86221,Petrol,110,1600,3,69
430,12500,54,84598,Petrol,110,1600,5,19
431,10500,50,83567,Petrol,110,1600,5,85
432,12950,50,83106,Petrol,110,1600,5,85
433,12200,50,82805,Petrol,110,1600,3,69
434,10950,50,82735,Petrol,97,1400,3,69
435,10950,54,81905,Petrol,110,1600,5,19
436,11290,49,80320,Petrol,110,1600,3,85
437,10750,49,80090,Petrol,97,1400,3,69
438,10895,53,79800,Petrol,110,1600,5,85
439,11500,47,78785,CNG,110,1600,5,197
440,9750,48,78600,Petrol,110,1600,5,85
441,10250,55,77780,Petrol,110,1600,3,69
442,12500,49,77648,Petrol,110,1600,4,69
443,11950,54,77270,Petrol,110,1600,4,69
444,10750,50,76167,Petrol,97,1400,5,85
445,11450,46,75249,Petrol,110,1600,4,69
446,11950,54,75231,Petrol,110,1600,5,85
447,11750,48,75045,Petrol,110,1600,3,85
448,10950,50,74849,Petrol,110,1600,4,85
449,11950,55,74715,Petrol,110,1600,5,85
450,10995,49,74656,Diesel,69,1900,3,185
451,11450,56,74500,Petrol,97,1400,3,69
452,8900,49,74494,Petrol,110,1600,5,85
453,10500,50,73634,Petrol,110,1587,5,85
454,11750,47,73403,Petrol,110,1600,5,85
455,11450,49,73175,Petrol,97,1400,3,69
456,12000,52,73000,Petrol,110,1600,3,85
457,11950,50,72242,Petrol,110,1600,3,85
458,9850,53,72000,Petrol,97,1400,3,69
459,10950,54,71725,Petrol,110,1600,4,69
460,10950,54,71276,Petrol,110,1600,5,85
461,8695,50,70440,Diesel,69,1900,3,185
462,10990,53,70239,Petrol,110,1600,3,69
463,9500,55,69813,Petrol,97,1400,3,69
464,11950,49,69659,Petrol,86,1300,3,69
465,10750,46,69574,Petrol,97,1400,5,85
466,8750,47,69000,Diesel,69,1900,5,185
467,8750,49,68565,Petrol,110,1600,4,69
468,11450,55,68520,Diesel,72,2000,3,185
469,9950,46,68414,Petrol,97,1400,3,69
470,11950,56,66777,Petrol,110,1600,5,85
471,13950,52,66527,Petrol,110,1600,5,85
472,11250,54,66063,Petrol,110,1600,5,85
473,10900,50,65471,Petrol,97,1400,5,85
474,9750,56,65400,Petrol,97,1400,3,69
475,9950,52,65170,Petrol,97,1400,3,69
476,11950,56,65000,Petrol,110,1600,5,19
477,10450,48,64193,Petrol,110,1600,3,69
478,8950,54,64000,Petrol,97,1400,3,69
479,10250,54,63792,Petrol,110,1600,5,85
480,9930,53,63635,Petrol,110,1600,4,69
481,10500,54,63135,Petrol,110,1600,3,69
482,11950,54,63123,Petrol,110,1600,4,69
483,11500,48,63000,Diesel,69,1900,5,185
484,11500,55,63000,Petrol,110,1600,4,69
485,11450,54,62987,Petrol,110,1600,5,85
486,9900,56,62751,Petrol,110,1600,3,69
487,9500,54,62519,Petrol,97,1400,3,69
488,10500,50,62280,Petrol,97,1400,5,85
489,10750,50,61672,Petrol,110,1600,5,85
490,8950,54,61000,Diesel,69,2000,5,185
491,12000,56,61000,Petrol,110,1600,3,69
492,9940,53,60558,Petrol,110,1600,4,19
493,10950,47,60348,Petrol,110,1600,4,69
494,10750,54,60239,Petrol,110,1600,5,85
495,9799,51,59000,Petrol,97,1400,3,69
496,11750,51,58761,Petrol,97,1300,5,85
497,11950,54,58745,Petrol,110,1600,4,69
498,11250,52,58596,Petrol,110,1600,3,69
499,11750,54,58530,Petrol,110,1600,5,85
500,10950,55,58377,Petrol,110,1600,3,69
501,11250,56,58142,Petrol,110,1600,5,85
502,9950,53,57948,Petrol,97,1400,3,69
503,9700,51,57645,Petrol,110,1600,5,85
504,11950,47,57500,Petrol,110,1600,4,19
505,9900,53,57475,Petrol,110,1600,3,69
506,9990,55,56743,Petrol,110,1600,3,69
507,9475,48,56675,Petrol,97,1400,3,69
508,11500,54,55877,Petrol,110,1600,5,85
509,11950,53,55500,Petrol,110,1600,4,69
510,11500,55,54900,Petrol,97,1400,5,85
511,10500,50,54465,Petrol,110,1600,5,85
512,10900,46,53700,Petrol,97,1400,5,85
513,11700,52,53561,Petrol,97,1400,5,85
514,11900,51,53408,Petrol,110,1600,5,85
515,13950,51,53268,Petrol,110,1600,5,85
516,10950,49,53116,Petrol,97,1400,3,69
517,10500,56,52448,Petrol,97,1400,3,69
518,10750,55,52149,Petrol,97,1400,3,19
519,11950,55,52141,Petrol,110,1600,5,85
520,10000,56,52000,Petrol,97,1400,3,69
521,10495,48,50967,Petrol,97,1400,5,85
522,11450,50,50400,Petrol,110,1600,5,85
523,9400,54,50000,Petrol,97,1400,3,69
524,11950,51,50000,Petrol,86,1300,5,69
525,9650,53,49969,Petrol,110,1600,5,85
526,18950,49,49568,Petrol,110,1600,3,19
527,11450,51,49473,Petrol,110,1600,3,85
528,10250,52,49432,Petrol,110,1600,3,69
529,11450,48,49417,Petrol,110,1600,3,69
530,9950,54,49366,Petrol,97,1400,3,69
531,10500,56,48731,Petrol,110,1600,3,85
532,13750,54,48370,Petrol,110,1600,5,85
533,9950,48,48071,Petrol,97,1400,3,69
534,10250,54,47852,Petrol,110,1600,4,69
535,10850,54,47768,Petrol,110,1600,3,85
536,11895,52,47689,Petrol,110,1600,5,85
537,12950,53,47451,Petrol,110,1600,3,85
538,11950,50,47219,Petrol,110,1600,5,85
539,10750,56,47211,Petrol,110,1600,5,85
540,9550,54,46856,Petrol,97,1400,5,85
541,10950,56,46500,Petrol,86,1300,5,69
542,11750,52,46449,Petrol,110,1600,4,69
543,10950,47,46391,Petrol,110,1600,5,85
544,12450,54,46230,Petrol,110,1600,3,85
545,10500,52,46029,Petrol,110,1600,4,69
546,10900,50,46000,Petrol,97,1400,3,69
547,12950,50,45900,Petrol,110,1600,5,85
548,10950,47,45850,Petrol,97,1400,5,85
549,12500,56,45336,Petrol,110,1600,5,85
550,9950,55,44537,Petrol,97,1400,3,69
551,10750,56,43700,Petrol,86,1300,3,69
552,12500,48,43120,Petrol,97,1400,3,69
554,10450,49,41710,Petrol,110,1600,3,69
555,10750,52,41700,Petrol,97,1400,3,69
556,12950,49,41636,Petrol,110,1600,5,19
557,10995,50,41273,Petrol,97,1400,5,85
558,11950,49,40836,Petrol,110,1600,3,85
559,11250,50,40400,Petrol,97,1400,5,85
560,11950,47,40361,Petrol,110,1600,5,85
561,13750,54,40325,Petrol,86,1300,5,69
562,11000,47,40000,Petrol,110,1600,5,85
563,13500,50,39706,Petrol,110,1600,5,85
564,10950,54,39291,Petrol,110,1600,3,69
565,10750,54,39000,Petrol,97,1400,3,69
566,8950,47,38900,Petrol,97,1400,3,69
567,12950,51,38403,Petrol,110,1600,3,85
568,9750,56,37461,Petrol,97,1400,3,69
569,10900,54,37000,Petrol,97,1400,3,69
570,10995,55,36406,Petrol,110,1600,4,69
571,10750,48,36005,Petrol,97,1400,5,85
572,10950,52,36000,Petrol,110,1600,5,85
573,13000,49,36000,Petrol,110,1600,5,85
574,12950,45,36000,Petrol,110,1600,3,85
575,11500,52,35823,Petrol,110,1600,5,85
576,10950,56,35230,Petrol,97,1400,3,69
577,11710,48,35142,Petrol,110,1600,3,85
578,9980,49,34890,Petrol,97,1400,3,69
579,12250,51,34882,Petrol,110,1600,5,85
580,11500,46,34000,Petrol,110,1600,5,85
581,11950,56,33998,Petrol,110,1600,5,85
582,11500,55,33230,Petrol,110,1600,3,69
583,11900,46,33021,Petrol,110,1600,5,85
584,11930,49,31999,Petrol,97,1400,3,69
585,10500,52,31579,Petrol,97,1400,3,69
586,8950,56,31000,Petrol,97,1400,3,69
587,10450,46,30806,Petrol,97,1400,5,85
588,10500,55,30461,Petrol,86,1300,5,69
589,12950,50,29686,Petrol,110,1600,3,85
590,9950,55,29650,Petrol,86,1300,3,69
591,12900,52,29500,Petrol,110,1600,3,85
592,9950,48,28656,Petrol,97,1400,3,19
593,9950,55,27500,Petrol,97,1400,3,69
594,10950,48,26938,Petrol,110,1600,3,69
595,10950,53,26624,Petrol,97,1400,5,85
596,9950,47,26221,Petrol,97,1400,3,69
597,10950,50,22648,Petrol,97,1400,5,85
598,10800,50,22500,Petrol,97,1400,3,69
599,10500,56,19313,Petrol,97,1400,3,69
600,10450,50,17619,Petrol,110,1600,4,69
601,10600,51,17069,Petrol,97,1400,3,69
602,10450,48,15000,Petrol,97,1400,3,69
603,12950,50,10210,Petrol,97,1400,5,85
604,11250,47,5309,Petrol,110,1600,3,85
605,7500,50,1,Diesel,90,2000,3,64
606,8950,52,31000,Petrol,97,1398,3,69
607,6950,58,205000,Diesel,72,2000,4,185
608,7900,68,204250,Diesel,72,2000,3,185
609,5950,68,194545,Petrol,86,1300,4,69
610,7500,59,190900,Diesel,72,2000,3,185
611,7500,62,183500,Diesel,72,2000,5,185
612,6900,65,176184,Diesel,72,2000,3,185
613,5751,67,174833,Diesel,72,2000,4,185
614,6950,68,155720,Petrol,86,1300,3,69
615,7950,67,155500,Petrol,110,1600,5,69
616,7750,59,154783,Diesel,72,2000,3,185
617,7950,64,154462,Diesel,72,2000,5,185
618,8250,64,150585,Petrol,110,1600,3,85
619,6250,67,149000,Diesel,90,2000,5,64
620,9500,62,147636,Diesel,72,2000,5,185
621,6900,59,144521,Diesel,72,2000,5,64
622,8450,64,144000,CNG,110,1600,3,72
623,7350,65,140168,Diesel,72,2000,3,185
624,8950,68,140000,Petrol,110,1600,5,85
625,6900,60,139800,Diesel,72,2000,3,185
626,8950,59,137050,CNG,110,1600,3,197
627,8750,61,136956,Petrol,110,1600,3,85
628,7950,67,135337,CNG,110,1600,5,197
629,8950,64,133769,Diesel,72,2000,3,185
630,8950,58,133405,Diesel,72,2000,5,185
631,8950,65,132807,Diesel,72,2000,5,185
632,7950,64,132393,Diesel,72,2000,5,185
633,7750,60,130270,Petrol,110,1600,3,69
634,7500,59,130000,Diesel,72,2000,4,185
635,8950,67,127000,Diesel,72,2000,5,185
636,9800,67,126800,Diesel,72,2000,5,185
637,9450,66,126452,Petrol,110,1600,5,85
638,8950,62,125175,Diesel,116,2000,5,185
639,8750,68,125000,Diesel,72,2000,3,185
640,10500,61,123000,Diesel,72,2000,5,185
641,7995,59,121626,Petrol,86,1300,5,69
642,10450,64,120400,Petrol,110,1600,5,85
643,9950,66,120000,Diesel,72,2000,4,185
644,9950,68,119541,Petrol,110,1600,3,85
645,8950,68,119500,Petrol,110,1600,5,85
646,7950,68,119289,Petrol,110,1600,4,69
647,10950,57,118833,Petrol,110,1600,3,85
648,9950,64,118000,Diesel,72,2000,5,185
649,8600,68,117955,Petrol,110,1600,4,85
650,7250,65,117609,Petrol,86,1300,3,69
651,6950,68,117000,Diesel,72,2000,3,185
652,8000,64,116000,Petrol,86,1300,5,69
653,9950,58,115715,Petrol,110,1600,5,85
654,9450,60,115191,CNG,110,1600,4,197
655,7950,68,115071,Petrol,110,1600,3,85
656,9450,63,115000,CNG,110,1600,3,197
657,9950,64,114846,Petrol,110,1600,5,85
658,6950,65,114383,Diesel,90,2000,3,64
659,8250,59,113700,Petrol,110,1600,5,19
660,9950,67,113118,Petrol,86,1300,3,69
661,8250,59,112827,Petrol,86,1300,5,69
662,9950,68,112116,Petrol,110,1600,5,85
663,10500,66,112000,Petrol,110,1600,3,85
664,7950,62,112000,Diesel,72,2000,4,64
665,9750,65,111769,Petrol,110,1600,3,85
666,9250,61,110853,Petrol,110,1600,5,85
667,9500,68,110287,Petrol,110,1600,3,69
668,9950,62,109547,Petrol,110,1600,5,85
669,7750,63,109230,Petrol,110,1600,3,69
670,9500,68,109150,Petrol,110,1600,5,85
671,9950,67,108793,Petrol,110,1600,4,69
672,9750,64,106784,Petrol,110,1600,3,19
673,9750,58,105942,Petrol,86,1300,5,69
674,5950,59,105000,Petrol,86,1300,3,19
675,8500,62,105000,Petrol,86,1300,5,69
676,8495,68,104299,Petrol,110,1600,5,85
677,9250,67,104000,Petrol,86,1300,3,69
678,6900,68,104000,Petrol,86,1300,3,19
679,8950,58,103458,Petrol,86,1300,3,69
680,9500,63,103400,Petrol,110,1600,5,85
681,9250,63,102807,Petrol,86,1300,5,85
682,9895,68,102494,Petrol,110,1600,5,85
683,9950,57,102300,Diesel,72,2000,5,185
684,7950,61,102106,Petrol,110,1600,3,69
685,8750,68,101889,Petrol,110,1600,5,85
686,8250,57,101791,Diesel,72,2000,3,185
687,8950,63,101469,Petrol,110,1600,3,85
688,8950,68,101001,Petrol,110,1600,5,85
689,8950,61,100748,Petrol,110,1600,5,85
690,8950,65,100550,Petrol,110,1600,5,85
691,9450,67,99781,Petrol,110,1600,5,85
692,8950,59,98658,Petrol,86,1300,3,69
693,9250,65,98500,Petrol,110,1600,5,85
694,8750,64,98291,Petrol,86,1300,4,69
695,9950,61,97648,Petrol,110,1600,3,85
696,9950,61,97425,Petrol,110,1600,5,85
697,9900,65,97173,Petrol,86,1300,3,69
698,8950,66,97046,Petrol,86,1300,4,69
699,8950,67,96000,Petrol,110,1600,3,69
700,12250,60,96000,Diesel,72,2000,4,185
701,9250,67,95750,Petrol,110,1600,5,85
702,10250,61,95147,Petrol,110,1600,3,85
703,8950,68,95000,Petrol,110,1600,3,69
704,7999,65,95000,Petrol,110,1600,3,69
705,9900,66,94606,Petrol,110,1600,3,85
706,8250,63,94504,Petrol,86,1300,4,69
707,10500,65,93428,Petrol,110,1600,5,85
708,8450,65,93408,Petrol,86,1300,3,69
709,9900,68,93296,Petrol,110,1600,5,85
710,10500,62,93098,Petrol,110,1600,5,85
711,8500,67,92922,Diesel,72,2000,4,185
712,9500,61,92498,Petrol,110,1600,3,69
713,9450,65,92226,Petrol,110,1600,3,85
714,9900,68,91505,Diesel,72,2000,3,185
715,8250,64,91333,Petrol,110,1600,3,69
716,8750,65,91246,Petrol,86,1300,3,69
717,9500,58,91000,Petrol,110,1600,5,85
718,8450,68,90727,Petrol,110,1600,3,69
719,8490,62,90000,Petrol,110,1600,3,69
720,8750,60,89576,Petrol,110,1600,4,69
721,9750,64,89145,Petrol,86,1300,3,69
722,9950,63,89000,Petrol,110,1600,5,85
723,8500,68,88807,Petrol,110,1600,3,69
724,8450,63,88685,Petrol,110,1600,5,85
725,7900,62,88667,Petrol,110,1600,4,69
726,8750,57,88480,Petrol,110,1600,3,69
727,7950,61,88127,Petrol,86,1300,3,69
728,6900,62,88000,Petrol,86,1300,3,69
729,8150,65,87821,Petrol,86,1300,3,69
730,10995,59,87654,Petrol,86,1300,5,85
731,8900,59,86888,Petrol,110,1600,3,69
732,9500,59,86871,Petrol,86,1300,5,69
733,8950,68,86714,Petrol,110,1600,4,69
734,11500,65,85889,Petrol,110,1600,3,85
735,10450,62,85000,Petrol,110,1600,3,69
736,10500,60,85000,Petrol,86,1300,3,69
737,9250,68,84976,Petrol,110,1600,4,69
738,10950,65,84558,Petrol,110,1600,5,19
739,10450,62,84549,Petrol,110,1600,5,85
740,9250,68,84482,Petrol,110,1600,5,85
741,8750,62,83908,Petrol,110,1600,5,85
742,8750,67,83560,Petrol,86,1300,3,69
743,9800,68,83000,Petrol,107,1600,5,85
744,8250,64,82723,Petrol,86,1300,3,69
745,10450,62,82421,Petrol,110,1600,3,85
746,9750,58,82254,Petrol,110,1600,5,69
747,8950,61,82115,Petrol,110,1600,3,85
748,7450,65,82000,Petrol,86,1300,3,69
749,8450,68,81965,Petrol,86,1300,5,69
750,8250,66,81250,Petrol,110,1600,3,19
751,10950,65,81192,Petrol,110,1600,3,85
752,8950,61,81170,Petrol,110,1600,4,69
753,8750,66,81083,Petrol,86,1300,3,69
754,10450,61,80714,Petrol,110,1600,5,85
755,10950,57,80470,Petrol,110,1600,5,85
756,8450,65,80439,Petrol,110,1600,4,69
757,9950,59,80430,Petrol,110,1600,3,85
758,9950,68,80426,Petrol,110,1600,3,85
759,8750,62,80265,Petrol,86,1300,3,69
760,9950,65,80153,Petrol,110,1600,5,85
761,9500,68,80121,Petrol,110,1600,5,85
762,8250,65,80086,Petrol,110,1600,4,69
763,10950,62,80000,Petrol,110,1600,5,85
764,7950,60,80000,Petrol,86,1300,5,19
765,8250,65,80000,Petrol,86,1300,2,19
766,9895,67,79858,Petrol,110,1600,4,69
767,9130,67,79762,Petrol,86,1300,3,69
768,10950,59,79660,Petrol,86,1300,5,85
769,10500,60,79150,Petrol,110,1600,5,85
770,8900,61,79000,Petrol,110,1600,3,69
771,9500,57,78955,Petrol,86,1300,5,69
772,10950,59,78750,Diesel,90,1975,5,210
773,7950,68,78521,Petrol,86,1300,3,69
774,7950,64,78356,Petrol,86,1300,3,69
775,7950,65,78076,Petrol,86,1300,3,69
776,9500,61,78063,Petrol,107,1600,5,85
777,10950,67,77821,Petrol,110,1600,5,85
778,9750,68,77695,Petrol,110,1600,4,69
779,9750,65,77500,Petrol,110,1600,3,69
780,9450,63,77457,Petrol,110,1600,3,85
781,8950,68,77029,Petrol,86,1300,3,69
782,8950,68,77008,Petrol,86,1300,3,69
783,8900,66,76791,Petrol,110,1600,5,85
784,9950,61,76700,Petrol,86,1300,5,69
785,8750,67,76569,Petrol,86,1300,3,69
786,8950,59,76162,Petrol,110,1600,5,85
787,8990,65,76155,Petrol,110,1600,4,69
788,8950,61,75609,Petrol,86,1300,3,69
789,8950,62,75569,Diesel,72,2000,3,185
790,9950,67,75429,Petrol,110,1600,3,85
791,9900,68,75000,Petrol,110,1600,5,85
792,8950,65,75000,Petrol,86,1300,3,19
793,8950,62,75000,Petrol,110,1600,5,85
794,9500,66,74963,Petrol,107,1600,3,85
795,7950,68,74889,Petrol,86,1300,3,69
796,7750,68,74875,Petrol,110,1600,5,85
797,8950,63,74747,Petrol,110,1600,5,85
798,11950,60,74720,Petrol,110,1600,5,85
799,8950,62,74457,Petrol,110,1600,5,85
800,11950,60,74337,Petrol,86,1300,5,69
801,8950,68,74308,Petrol,110,1600,3,69
802,9950,64,74193,Petrol,110,1600,3,69
803,8250,65,74179,Petrol,110,1600,3,69
804,8995,67,73936,Petrol,86,1300,5,69
805,9995,61,73894,Petrol,110,1600,3,85
806,9250,64,73500,Petrol,110,1600,3,69
807,10950,64,73376,Petrol,110,1600,5,85
808,8900,64,73300,Petrol,86,1300,3,69
809,9500,58,73172,Petrol,110,1600,5,85
810,9950,58,72928,Petrol,110,1600,5,85
811,7950,67,72880,Petrol,86,1332,3,69
812,8250,63,72522,Petrol,110,1600,3,69
813,9450,64,72000,Petrol,86,1300,3,69
814,7950,57,72000,Petrol,86,1300,3,69
815,9500,59,71366,Petrol,110,1600,3,85
816,8950,65,71317,Petrol,110,1600,3,69
817,10950,62,71000,Petrol,110,1600,5,85
818,8950,60,70954,Petrol,110,1600,3,69
819,9450,63,70908,Petrol,86,1300,5,69
820,8000,58,70560,Petrol,110,1600,3,69
821,9900,67,70552,Petrol,110,1600,5,85
822,8950,62,70500,Petrol,110,1600,5,69
823,10900,60,70453,Diesel,72,2000,5,185
824,9450,59,70218,Petrol,110,1600,3,69
825,8450,64,70116,Petrol,110,1600,4,69
826,9500,65,70068,Petrol,110,1600,5,85
827,10500,67,70000,Petrol,107,1587,3,19
828,6950,68,70000,Petrol,86,1300,3,69
829,9750,68,69103,Petrol,110,1600,4,69
830,6950,58,69022,Petrol,86,1300,5,69
831,9650,67,69000,Petrol,110,1600,3,85
832,9950,68,68865,Petrol,110,1600,3,85
833,9250,58,68723,Petrol,86,1300,3,69
834,8950,63,68453,Petrol,110,1600,5,85
835,9900,63,68238,Petrol,86,1300,5,69
836,10995,63,68153,Petrol,110,1600,5,85
837,10500,65,68000,Petrol,110,1600,5,85
838,8950,65,68000,Petrol,86,1300,3,69
839,9750,67,67762,Petrol,110,1600,3,85
840,10950,68,67146,Petrol,110,1600,5,85
841,9750,67,67110,Petrol,86,1300,5,69
842,9950,59,67010,Petrol,110,1600,3,85
843,10500,65,67003,Petrol,110,1600,4,69
844,10400,68,66785,Petrol,86,1300,3,69
845,8800,68,66550,Petrol,86,1332,3,69
846,10500,61,66259,Petrol,110,1600,3,85
847,9250,62,66082,Petrol,110,1600,5,85
848,7800,65,66000,Petrol,86,1300,3,69
849,9950,61,66000,Petrol,110,1600,3,69
850,10750,63,65896,Petrol,110,1600,3,85
851,10950,67,65785,Petrol,110,1600,5,85
852,9950,65,65513,Petrol,110,1600,4,85
853,9950,59,65463,Petrol,110,1600,5,85
854,8100,68,65400,Petrol,86,1300,4,69
855,9250,60,65259,Petrol,110,1600,3,69
856,7800,64,65000,Petrol,110,1600,3,69
857,9000,68,65000,Petrol,110,1600,5,85
858,8950,57,65000,Petrol,110,1600,4,69
859,8950,62,64966,Petrol,86,1300,3,69
860,9950,68,64950,Petrol,110,1600,5,85
861,8500,60,64914,Petrol,110,1600,5,85
862,7995,62,64797,Petrol,110,1600,5,85
863,8750,65,64772,Petrol,110,1600,3,69
864,9750,63,64690,Petrol,86,1300,3,69
865,10950,65,64630,Petrol,110,1600,5,85
866,9750,67,64613,Petrol,110,1600,5,85
867,8200,60,64383,Petrol,86,1300,3,69
868,8950,68,64000,Petrol,110,1600,5,85
869,9500,66,63881,Petrol,86,1300,3,69
870,10950,58,63870,Diesel,72,2000,5,185
871,9750,66,63328,Petrol,86,1300,5,85
872,9950,65,63000,Petrol,86,1300,5,85
873,10450,61,63000,Petrol,86,1300,3,69
874,9850,65,62396,Petrol,110,1600,3,69
875,9450,62,62377,Petrol,110,1600,5,85
876,10295,67,62316,Petrol,110,1600,3,69
877,9750,68,62292,Petrol,110,1600,3,85
878,8950,65,62225,Petrol,110,1600,3,69
879,9900,68,62222,Petrol,110,1600,5,85
880,8750,66,62135,Petrol,86,1300,5,69
881,9950,58,62024,Petrol,110,1600,5,85
882,8500,60,61977,Petrol,86,1300,3,69
883,9950,62,61930,Petrol,110,1600,4,69
884,10950,57,61682,Petrol,110,1600,3,69
885,9795,68,61568,Petrol,110,1600,4,69
886,8750,68,61504,Petrol,110,1600,4,69
887,8250,65,61384,Petrol,110,1600,3,69
888,9950,58,61343,Petrol,110,1600,5,85
889,9950,62,61254,Petrol,110,1600,5,85
890,10500,59,61166,Petrol,110,1600,3,69
891,9750,62,61149,Petrol,86,1300,5,69
892,11250,61,61144,Petrol,110,1600,5,85
893,8900,59,61127,Petrol,110,1600,3,69
894,7950,60,61100,Petrol,86,1300,3,69
895,11500,68,61100,Petrol,110,1600,5,85
896,9450,57,61000,Petrol,110,1600,3,69
897,7995,65,60724,Petrol,86,1300,3,69
898,10995,59,60708,Petrol,86,1300,5,69
899,8950,61,60532,Petrol,110,1600,3,69
900,8250,67,60000,Petrol,86,1300,4,69
901,8950,66,60000,Petrol,86,1300,3,69
902,8950,65,60000,Petrol,86,1300,3,69
903,9500,62,59295,Petrol,86,1300,5,69
904,7500,65,59264,Petrol,86,1300,3,69
905,8950,63,59000,Petrol,110,1600,3,69
906,9950,63,59000,Petrol,86,1300,5,19
907,9750,65,59000,Petrol,110,1600,5,19
908,9450,61,59000,Petrol,110,1600,5,85
909,9950,65,59000,Petrol,110,1600,3,69
910,9750,68,58860,Petrol,110,1600,3,85
911,8950,65,58829,Petrol,110,1600,3,69
912,8250,66,58654,Petrol,110,1600,5,85
913,7750,65,58300,Petrol,86,1300,3,69
914,8950,60,58269,Petrol,110,1600,3,69
915,9950,64,58136,Petrol,110,1600,5,85
916,9450,66,58113,Petrol,107,1600,3,85
917,12950,67,58058,Petrol,110,1600,3,85
918,9950,58,58000,Petrol,110,1600,3,69
919,10495,62,58000,Petrol,110,1600,3,85
920,7950,68,57565,Petrol,86,1300,5,69
921,10500,63,57413,Petrol,107,1600,5,85
922,8950,65,57374,Petrol,110,1600,5,85
923,9900,62,57179,Petrol,110,1600,5,85
924,9995,61,57169,Petrol,110,1600,3,85
925,9950,63,57124,Petrol,110,1600,3,85
926,9950,63,57000,Petrol,110,1600,3,69
927,8250,67,57000,Petrol,110,1600,3,69
928,9950,63,57000,Petrol,86,1300,5,69
929,8950,59,56259,Petrol,86,1300,3,69
930,10950,62,56209,Petrol,107,1600,3,85
931,9250,67,56074,Petrol,86,1300,4,69
932,9950,63,55942,Petrol,110,1600,5,85
933,9995,57,55844,Petrol,86,1300,5,69
934,8750,61,55747,Petrol,86,1300,3,69
935,10950,58,55478,Petrol,86,1300,5,69
936,10350,60,55085,Petrol,107,1600,5,85
937,9950,65,55061,Petrol,110,1600,5,85
938,8950,65,55000,Petrol,86,1300,3,69
939,10950,57,55000,Petrol,110,1600,5,85
940,10950,63,54936,Petrol,110,1600,5,85
941,8950,68,54875,Petrol,110,1600,5,85
942,8900,67,54847,Petrol,110,1600,3,69
943,10250,60,54554,Petrol,110,1600,3,85
944,9450,61,54125,Petrol,110,1600,5,69
945,9250,61,54000,Petrol,110,1600,3,85
946,10500,57,54000,Petrol,110,1600,5,85
947,7350,58,54000,Petrol,86,1300,5,69
948,10250,57,54000,Petrol,110,1600,3,19
949,10250,62,53285,Petrol,110,1600,5,85
950,11500,65,53053,Petrol,110,1600,5,85
951,8950,68,53000,Petrol,110,1587,3,19
952,7750,68,53000,Petrol,86,1300,3,69
953,9500,64,52968,Petrol,110,1600,3,69
954,8450,67,52800,Petrol,86,1300,3,69
955,8950,57,52548,Petrol,110,1600,3,69
956,8400,60,52487,Petrol,110,1600,4,69
957,9250,66,52383,Petrol,86,1300,3,69
958,8900,61,52112,Petrol,110,1600,4,69
959,8750,58,51712,Petrol,110,1600,3,69
960,10950,58,51421,Petrol,110,1600,5,85
961,8950,61,51235,Petrol,86,1300,4,69
962,8950,65,51000,Petrol,86,1300,3,69
963,8895,61,50925,Petrol,110,1600,5,85
964,9390,66,50806,Petrol,86,1300,3,19
965,8750,59,50469,Petrol,110,1600,5,85
966,9750,61,50173,Petrol,110,1600,5,85
967,9950,62,50000,Petrol,110,1600,5,85
968,10950,65,49942,Petrol,110,1600,3,85
969,9900,67,49585,Petrol,110,1600,5,85
970,9500,62,49258,Petrol,110,1600,4,69
972,9950,61,49000,Petrol,110,1600,3,69
973,9950,63,48738,Petrol,110,1600,5,85
974,10500,62,47750,Petrol,86,1300,5,69
975,9950,63,47612,Petrol,86,1300,3,69
976,10495,68,47500,Petrol,86,1300,5,69
977,9500,66,47237,Petrol,110,1600,3,69
978,8500,58,47171,Petrol,86,1300,3,69
979,10450,60,47060,Petrol,110,1600,4,69
980,8950,65,47014,Petrol,86,1300,3,69
981,9900,59,46929,Petrol,86,1300,3,69
982,8900,63,46000,Petrol,86,1300,5,69
983,8745,65,45681,Petrol,110,1600,3,69
984,8750,65,45549,Petrol,86,1300,3,69
985,10750,57,45000,Petrol,110,1600,5,69
986,9750,57,45000,Petrol,110,1600,3,69
987,8850,65,45000,Petrol,110,1600,5,85
988,7950,66,45000,Petrol,86,1300,5,69
989,9450,63,45000,Petrol,110,1600,4,69
990,9950,61,45000,Petrol,107,1600,3,85
991,8250,63,44944,Petrol,110,1600,4,69
992,9950,61,44597,Petrol,86,1300,3,19
993,9995,68,44458,Petrol,86,1300,3,69
994,9950,59,43818,Petrol,110,1600,5,85
995,10495,60,43426,Petrol,110,1600,5,85
996,7950,58,43000,CNG,110,1600,4,72
997,8950,68,43000,Petrol,110,1600,5,69
998,9695,57,43000,Petrol,110,1600,5,85
999,7750,64,43000,Petrol,86,1300,3,69
1000,9950,68,42750,Petrol,110,1600,3,69
1001,9950,67,42102,Petrol,110,1600,5,85
1002,9950,63,41586,Petrol,110,1600,5,19
1003,9900,64,41200,Petrol,110,1600,5,85
1004,10950,57,40214,Petrol,86,1300,3,69
1005,8950,60,40000,Petrol,86,1300,4,69
1006,8950,66,39222,Petrol,86,1300,3,69
1007,8250,66,39144,Petrol,110,1600,3,69
1008,10250,62,39000,Petrol,110,1600,5,85
1009,8750,61,38019,Petrol,110,1600,5,85
1010,9750,68,37759,Petrol,110,1600,5,85
1011,10950,61,37500,Petrol,110,1600,5,85
1012,10950,60,37111,Petrol,110,1600,3,69
1013,9750,62,37000,Petrol,86,1300,3,69
1014,8900,59,36954,Petrol,110,1600,3,69
1015,9500,60,36943,Petrol,110,1600,5,85
1016,9950,63,36923,Petrol,86,1300,5,69
1017,9950,66,36658,Petrol,110,1600,3,69
1018,8250,65,36000,Petrol,86,1300,3,69
1019,10450,65,36000,Petrol,110,1600,3,85
1020,10950,62,35512,Petrol,110,1600,3,85
1021,9250,65,35283,Petrol,86,1300,3,69
1022,8900,68,35000,Petrol,110,1600,3,69
1023,10900,57,35000,Petrol,86,1300,5,69
1024,9750,64,34114,Petrol,110,1600,3,69
1025,11950,58,34000,Petrol,110,1600,5,85
1026,7900,68,33847,Petrol,86,1300,4,69
1027,10900,57,33535,Petrol,110,1600,4,69
1028,10450,65,33000,Petrol,110,1600,3,69
1029,10950,59,32150,Petrol,110,1600,5,85
1030,9950,65,31588,Petrol,86,1300,3,69
1031,10750,60,31480,Petrol,110,1600,3,85
1032,9900,57,31307,Petrol,110,1600,5,85
1033,10750,68,31000,Petrol,110,1600,4,69
1034,10450,58,30634,Petrol,110,1600,5,85
1035,9450,68,30300,Petrol,86,1300,4,69
1036,10750,60,28500,Petrol,86,1300,3,69
1037,10950,60,28500,Petrol,110,1600,5,85
1038,10000,57,28000,Petrol,86,1300,3,69
1039,10500,68,26698,Petrol,110,1600,3,85
1040,12500,62,26000,Petrol,107,1600,3,85
1041,8950,62,25505,Petrol,86,1300,5,69
1042,10500,58,25000,Petrol,110,1600,5,85
1043,9245,66,22835,Petrol,110,1600,3,69
1044,10950,59,22705,Petrol,110,1600,5,85
1045,9500,63,22178,Petrol,86,1300,3,69
1046,10900,62,17345,Petrol,110,1600,3,69
1047,10950,67,15535,Petrol,86,1300,4,69
1048,9450,66,15110,Petrol,86,1300,5,69
1049,5900,73,232940,Diesel,72,2000,5,40
1050,6950,79,218118,Diesel,72,2000,5,185
1051,6000,78,217764,Diesel,72,2000,5,185
1052,5250,79,207114,CNG,110,1600,5,197
1053,4400,74,203254,Diesel,72,2000,3,64
1054,6750,77,200732,Diesel,72,2000,4,185
1055,8500,69,197501,Diesel,72,2000,5,185
1056,6150,80,194765,Diesel,72,2000,3,185
1057,6950,76,191620,Diesel,72,2000,5,185
1058,5750,76,183277,Diesel,72,2000,3,185
1059,8750,78,180378,Diesel,72,2000,4,185
1060,6500,70,178800,Diesel,72,2000,3,185
1061,5950,73,176177,Petrol,110,1600,5,85
1062,6500,78,176000,Petrol,86,1300,5,69
1063,10500,77,172980,Diesel,72,2000,5,64
1064,8500,77,170000,Diesel,72,2000,4,185
1065,7950,71,164000,Petrol,110,1600,3,19
1066,5800,78,161775,Petrol,86,1300,3,69
1067,6750,80,160000,Petrol,86,1300,3,69
1068,6950,78,159968,Diesel,72,2000,3,185
1069,5740,74,159908,Petrol,110,1600,3,69
1070,6550,73,158492,Petrol,86,1300,3,69
1071,8950,69,156204,Diesel,72,2000,3,185
1072,6750,73,156169,Petrol,86,1300,5,69
1073,7950,78,155210,Petrol,110,1600,3,69
1074,7950,69,155000,Diesel,72,2000,3,185
1075,7450,76,154900,Diesel,72,2000,5,185
1076,7750,70,151300,Diesel,72,2000,5,185
1077,6450,71,151000,CNG,110,1600,5,197
1078,7900,75,150000,Diesel,72,2000,3,64
1079,6900,69,146304,Diesel,72,2000,3,185
1080,5600,75,146197,Petrol,86,1300,3,69
1081,5950,77,145996,Petrol,110,1600,4,69
1082,6950,80,143560,Petrol,86,1300,3,69
1083,7950,71,139145,Diesel,73,2000,2,185
1084,8950,79,138500,Petrol,86,1300,5,69
1085,7950,74,137741,Diesel,90,2000,5,185
1086,9500,80,137178,Diesel,90,2000,5,185
1087,8600,76,134889,Diesel,72,2000,3,185
1088,5950,71,134660,Diesel,72,2000,5,64
1089,7750,73,134539,Petrol,110,1600,5,85
1091,7950,79,131500,Diesel,72,2000,5,185
1092,6950,77,131307,Petrol,110,1600,3,69
1093,7250,74,130025,Petrol,110,1600,3,69
1094,6500,78,130000,Petrol,86,1300,5,19
1095,7250,77,128960,Petrol,110,1600,5,85
1096,9250,80,128351,Petrol,110,1600,5,85
1097,8250,73,128006,Petrol,110,1600,3,69
1098,7250,71,127159,Diesel,72,2000,3,185
1099,5250,72,126478,Petrol,110,1600,4,69
1100,7900,77,126000,Petrol,110,1600,5,69
1101,6900,76,125778,Petrol,110,1600,3,69
1102,7900,75,125400,Petrol,110,1600,3,69
1103,7250,74,124910,Diesel,72,2000,5,185
1104,8450,70,124743,Petrol,110,1600,3,69
1105,7950,76,124591,Petrol,110,1600,5,85
1106,7950,74,124057,Petrol,110,1600,3,69
1107,6450,72,123403,Petrol,110,1600,3,69
1108,6650,75,123104,Petrol,110,1600,5,85
1109,7950,74,123077,Petrol,86,1300,3,69
1110,7250,80,122820,Petrol,86,1300,5,69
1111,7450,77,122290,Petrol,110,1600,3,69
1112,7950,74,121900,Petrol,110,1600,4,69
1113,7250,77,121545,Petrol,110,1600,5,85
1114,8250,71,120474,Diesel,72,2000,3,185
1115,8950,76,120263,Diesel,72,2000,5,64
1116,7750,74,120196,Petrol,110,1600,3,69
1117,8500,71,120000,Petrol,110,1600,5,85
1118,7750,78,120000,Petrol,110,1600,5,85
1119,5750,73,115877,Petrol,110,1600,4,69
1120,6900,76,115345,Petrol,110,1600,5,85
1121,6500,71,115157,Petrol,110,1600,3,69
1122,6500,78,115000,Petrol,107,1600,5,85
1123,7600,77,114258,Petrol,86,1300,5,69
1124,8950,73,112963,Diesel,72,2000,5,185
1125,7450,74,112307,Petrol,110,1600,5,85
1126,7350,72,112000,Petrol,86,1300,3,69
1127,7750,73,111602,Petrol,86,1300,3,69
1128,7460,80,111392,CNG,110,1598,3,197
1129,9250,76,110901,Petrol,110,1600,5,85
1130,7250,80,110887,Petrol,110,1600,3,85
1131,6500,72,110634,Petrol,86,1300,3,69
1132,6800,80,110000,Petrol,110,1600,4,69
1133,8700,75,109540,Petrol,110,1600,5,85
1134,7500,78,109263,Petrol,110,1600,5,85
1135,7750,71,107516,Petrol,110,1600,3,69
1136,7950,73,107108,Petrol,110,1600,3,69
1137,9950,75,107000,Petrol,110,1600,3,69
1138,6640,74,106250,Petrol,110,1600,5,85
1139,8750,71,106150,Petrol,86,1300,3,19
1140,7750,72,106108,Petrol,110,1600,3,69
1141,5950,72,105856,Petrol,86,1300,3,69
1142,6750,77,105152,Petrol,86,1300,3,69
1143,6500,80,105135,Petrol,110,1600,3,69
1144,8750,76,104344,Petrol,110,1600,3,69
1145,7950,74,104150,Petrol,110,1600,3,69
1146,6750,74,104000,Petrol,86,1300,3,69
1147,7950,73,103121,Petrol,86,1300,5,69
1148,7950,80,102300,Petrol,86,1300,3,69
1149,8950,75,102005,Petrol,107,1600,5,85
1150,7750,77,102000,Petrol,86,1300,3,69
1151,6450,75,101855,Petrol,110,1600,5,85
1152,6900,74,101773,Petrol,110,1600,3,69
1153,8450,75,101159,Petrol,110,1600,5,85
1154,6750,74,101000,Petrol,86,1300,3,19
1155,8050,74,100732,Petrol,86,1300,4,69
1156,9500,79,100719,Petrol,110,1600,5,85
1157,7750,78,100487,Petrol,110,1600,4,69
1158,8500,80,100458,Petrol,110,1600,5,85
1159,7795,75,100192,Petrol,110,1600,3,69
1160,6490,80,100123,Petrol,110,1600,3,69
1161,7950,73,99971,Petrol,110,1600,3,69
1162,6425,79,99397,Petrol,86,1300,5,69
1163,8950,69,99374,Petrol,86,1300,5,69
1164,6950,72,99245,Petrol,110,1600,5,19
1165,8750,79,98742,Petrol,110,1600,5,85
1166,8450,71,98154,Petrol,110,1600,3,69
1167,7950,77,98000,Petrol,110,1600,5,19
1168,7950,80,97548,Petrol,86,1300,5,69
1169,8900,78,97534,Petrol,110,1600,5,85
1170,8950,73,97494,Petrol,110,1600,5,85
1171,8900,73,97085,Petrol,110,1600,5,85
1172,7950,69,97000,Petrol,110,1600,4,69
1173,6495,74,96302,Petrol,86,1300,3,69
1174,7250,78,96000,Petrol,86,1300,3,69
1175,9250,74,96000,Petrol,110,1600,5,85
1176,6650,78,95909,Petrol,110,1600,5,85
1177,6990,79,95700,Petrol,110,1600,5,85
1178,7750,78,95651,Petrol,110,1600,5,85
1179,6950,79,95000,Petrol,86,1300,5,69
1180,7250,80,94447,Petrol,110,1600,3,69
1181,9950,80,94079,Petrol,110,1600,5,85
1182,9250,80,93841,Petrol,110,1600,5,85
1183,7200,79,93090,Petrol,86,1300,5,69
1184,8250,72,93066,Petrol,110,1600,5,85
1185,8950,79,93039,Petrol,110,1600,3,69
1186,8250,77,93000,Petrol,110,1600,5,85
1187,6250,80,92830,Petrol,86,1300,3,69
1189,9900,80,92255,Petrol,107,1600,5,85
1190,7300,80,92096,Petrol,86,1300,5,69
1191,8950,72,91921,Petrol,86,1300,3,69
1192,6500,70,91900,Petrol,86,1300,3,69
1193,7950,78,91399,Petrol,110,1600,5,85
1194,7450,75,91082,Petrol,110,1600,3,69
1195,7950,71,90370,Petrol,86,1300,5,69
1196,8500,78,90345,Petrol,86,1300,5,69
1197,6950,77,90305,Petrol,86,1300,3,69
1198,7950,78,90011,Petrol,86,1300,3,69
1199,6750,77,90000,Petrol,86,1300,3,69
1200,8450,70,89983,Petrol,110,1600,3,85
1201,7500,78,89953,Petrol,110,1600,5,19
1202,8750,74,89800,Diesel,72,2000,3,185
1203,8750,79,89739,Petrol,86,1300,5,69
1204,8950,76,89520,Petrol,110,1600,3,69
1205,7450,75,89507,Petrol,86,1300,3,69
1206,9200,69,89096,Petrol,110,1600,5,85
1207,8950,74,88700,Petrol,110,1600,3,69
1207,8950,74,88700,Petrol,110,1600,3,69
1208,7850,72,88500,Petrol,110,1600,5,85
1209,6950,73,88186,Diesel,72,2000,3,185
1210,7200,75,88000,Petrol,110,1600,3,69
1211,7450,78,87743,Petrol,110,1600,3,85
1212,6750,75,87613,Petrol,86,1300,3,69
1213,7500,73,87358,Petrol,110,1600,3,69
1214,7450,72,87083,Petrol,110,1600,4,69
1215,7950,70,87000,Petrol,110,1600,4,69
1216,7250,78,87000,Petrol,110,1600,4,69
1217,7950,73,87000,Petrol,86,1300,3,69
1218,8250,80,87000,Petrol,86,1300,3,69
1219,8250,72,86860,Petrol,110,1600,5,85
1220,6750,80,86109,Petrol,110,1600,3,85
1221,8750,79,86000,Petrol,86,1300,5,69
1222,8950,80,86000,Petrol,110,1600,3,19
1223,8500,70,85864,Diesel,72,2000,5,185
1224,8250,80,85565,Petrol,110,1600,5,85
1225,9450,70,85470,Petrol,107,1600,3,85
1226,7950,73,85200,Petrol,110,1600,3,69
1227,7900,70,85000,Petrol,110,1600,3,85
1228,8500,73,84988,Petrol,110,1600,3,69
1229,8250,79,84966,Petrol,110,1600,5,85
1230,8250,76,84472,Petrol,110,1600,5,85
1231,8950,73,84402,Petrol,110,1600,4,69
1232,7950,74,84123,Petrol,110,1600,3,69
1233,6950,80,84000,Petrol,110,1600,5,85
1234,7250,78,84000,Petrol,110,1600,5,19
1235,7750,77,84000,Petrol,110,1600,5,85
1236,8700,75,83850,Petrol,110,1600,3,85
1237,8950,80,83540,Petrol,110,1600,5,85
1238,6750,76,83405,Petrol,110,1600,5,85
1239,7500,71,83291,Petrol,110,1600,5,85
1240,7950,69,83133,Petrol,86,1300,3,69
1241,8950,71,83047,Petrol,86,1300,3,69
1242,7950,71,82700,Petrol,110,1600,3,69
1243,7450,78,82675,Petrol,86,1300,3,69
1244,5950,78,82595,Petrol,86,1300,3,19
1245,7750,75,82256,Petrol,110,1600,3,69
1246,6950,77,82103,Petrol,86,1300,3,69
1247,8750,80,82021,Petrol,86,1300,5,69
1248,8950,71,82000,Petrol,110,1600,5,85
1249,7495,79,81988,Petrol,110,1600,5,85
1250,7750,76,81930,Petrol,110,1600,5,85
1251,6950,70,81663,Petrol,110,1600,3,69
1252,7990,77,80486,Petrol,110,1600,5,85
1253,7250,78,80000,Petrol,110,1600,4,19
1254,6900,69,79000,Petrol,86,1300,3,69
1255,7750,74,78894,Petrol,110,1600,5,85
1256,7250,78,78689,Petrol,110,1600,4,69
1257,8950,77,78435,Petrol,86,1300,3,69
1258,8500,71,78260,Petrol,110,1600,3,69
1259,7950,72,78120,Petrol,110,1600,5,85
1260,6950,77,77000,Petrol,86,1300,3,19
1261,8000,78,77000,Petrol,110,1600,3,69
1262,7950,75,76382,Petrol,110,1600,3,85
1263,8500,76,76268,Petrol,86,1300,3,69
1264,7490,73,76151,Petrol,86,1300,3,69
1265,8250,80,76000,Petrol,110,1600,3,69
1266,9250,71,76000,Petrol,110,1600,5,85
1267,7950,72,75840,Petrol,86,1300,5,69
1268,9500,77,75799,Petrol,110,1600,3,19
1269,8950,72,75525,Petrol,110,1600,3,19
1270,8450,78,75323,Petrol,86,1300,5,69
1271,7995,79,75322,Petrol,110,1600,4,85
1272,8750,78,75226,Petrol,110,1600,4,69
1273,5950,71,75085,Petrol,86,1300,5,69
1274,8500,73,75000,Petrol,110,1600,5,85
1275,8950,69,75000,Petrol,86,1300,4,69
1276,8750,69,75000,Petrol,86,1300,4,69
1277,7600,78,74926,Petrol,110,1600,5,85
1278,7145,80,74785,Petrol,110,1600,5,85
1279,8450,69,74573,Petrol,110,1600,5,85
1280,5950,75,74567,Petrol,86,1300,3,19
1281,9000,80,74196,Petrol,110,1600,5,85
1282,7250,80,74151,Petrol,110,1600,3,69
1283,7400,75,74096,Petrol,110,1600,3,69
1284,8800,79,74093,Petrol,110,1600,5,85
1285,7750,71,74000,Petrol,110,1600,3,69
1286,7500,75,74000,Petrol,86,1300,3,69
1287,8450,78,73638,Petrol,86,1300,4,19
1288,7400,75,73460,Petrol,110,1600,5,85
1289,7500,80,73200,Petrol,110,1600,5,85
1290,8950,76,73116,Petrol,110,1600,5,85
1291,8950,70,73014,Petrol,110,1600,5,85
1292,7950,77,72703,Petrol,110,1600,3,69
1293,7950,79,72328,Petrol,110,1600,5,85
1294,7950,78,72222,Petrol,110,1600,5,85
1295,8950,71,72128,Petrol,107,1600,5,85
1296,7750,78,72090,Petrol,110,1600,5,85
1297,8250,78,72000,Petrol,110,1600,4,69
1298,7950,78,72000,Petrol,110,1600,3,85
1299,7750,77,71900,Petrol,86,1300,3,69
1300,8500,77,71825,Petrol,110,1600,5,85
1301,6950,80,71740,Petrol,110,1600,5,85
1302,7500,80,71500,Petrol,110,1600,4,69
1303,7750,79,71359,Petrol,110,1600,3,69
1304,5950,79,71263,Petrol,86,1300,3,69
1305,7500,78,71186,Petrol,110,1600,3,69
1306,8950,72,71054,Petrol,86,1300,3,69
1307,7950,76,71000,Petrol,110,1600,3,69
1308,6900,80,70939,Petrol,110,1600,5,85
1309,7450,77,70932,Petrol,110,1600,3,69
1310,8500,80,70597,Petrol,107,1600,3,85
1311,7500,73,70482,Petrol,110,1600,5,19
1312,8750,77,70124,Petrol,110,1600,3,69
1313,7500,76,70039,Petrol,110,1600,3,69
1314,9950,80,69904,Petrol,110,1600,5,85
1315,7950,75,69388,Petrol,86,1300,3,69
1316,9950,75,69320,Petrol,110,1600,5,85
1317,9250,78,69000,Petrol,110,1600,5,85
1318,9250,73,68988,Petrol,86,1300,5,69
1319,9950,79,68945,Petrol,110,1600,5,85
1320,5950,74,68285,Petrol,110,1600,3,69
1321,7995,76,68000,Petrol,110,1600,5,85
1322,8950,70,68000,Petrol,86,1300,3,69
1323,7450,75,67451,Petrol,86,1300,4,69
1324,8250,76,67266,Petrol,86,1300,5,69
1325,8500,78,67255,Petrol,110,1600,5,85
1326,8500,70,67100,Petrol,110,1600,5,85
1327,9400,69,67092,Diesel,72,2000,3,185
1328,7250,80,66880,Petrol,110,1600,3,85
1329,8950,79,66855,Petrol,110,1600,5,85
1330,9450,80,66843,Petrol,110,1600,5,85
1331,8500,74,66718,Petrol,110,1600,3,69
1332,6750,80,66168,Petrol,86,1300,3,69
1333,7400,80,65950,Petrol,110,1600,5,85
1334,8950,78,65500,Petrol,86,1300,3,69
1335,6900,80,65307,Petrol,110,1600,3,85
1336,7750,79,65254,Petrol,86,1300,3,69
1337,8950,71,65021,Diesel,72,2000,3,185
1338,6950,75,65006,Petrol,86,1300,3,69
1339,8495,77,64280,Petrol,110,1600,4,69
1340,10000,75,64000,Petrol,107,1600,3,85
1341,6999,71,64000,Petrol,110,1600,5,85
1342,8950,80,64000,Petrol,110,1600,3,85
1343,8500,79,63918,Petrol,110,1600,4,69
1344,8750,75,63634,Petrol,110,1600,4,69
1345,7499,80,63500,Petrol,110,1600,3,69
1346,9000,80,63266,Petrol,110,1600,4,69
1347,8950,77,62595,Petrol,110,1600,3,69
1348,6950,80,62581,Petrol,110,1600,5,85
1349,8500,77,62285,Petrol,110,1600,5,85
1350,8450,77,61906,Petrol,86,1300,5,85
1351,8950,74,61700,Petrol,110,1600,5,85
1352,8250,77,61648,Petrol,110,1600,5,85
1353,7950,75,61626,Petrol,86,1300,5,69
1354,7450,70,61510,Petrol,110,1600,4,69
1355,9000,79,61165,Petrol,107,1600,3,85
1356,7150,70,61000,Petrol,110,1600,4,69
1357,7750,76,60833,Petrol,110,1600,4,69
1358,5845,70,60600,Petrol,86,1300,3,85
1359,8500,72,60483,Petrol,110,1600,5,85
1360,8250,80,60476,Petrol,110,1600,5,19
1361,9450,79,60142,Petrol,110,1600,3,69
1362,6750,69,60050,Petrol,110,1600,3,69
1363,8400,77,60000,Petrol,110,1600,3,69
1364,7900,76,60000,Petrol,110,1600,3,69
1365,7950,76,59815,Petrol,110,1587,3,85
1366,8750,80,59326,Petrol,110,1600,5,85
1367,9900,73,59240,Petrol,110,1600,3,69
1368,6495,71,59164,Petrol,110,1600,4,69
1369,8250,70,59017,Petrol,107,1600,3,85
1370,6900,69,58952,Petrol,110,1600,3,69
1371,7500,74,58454,Petrol,86,1300,3,69
1372,7950,75,58341,Petrol,86,1300,4,69
1437,8450,80,23000,Petrol,86,1300,3,69
1373,8250,80,58267,Petrol,110,1600,5,85
1374,8950,80,58000,Petrol,110,1600,3,85
1375,9750,70,57829,Petrol,110,1600,3,19
1376,8250,80,57787,Petrol,86,1300,3,69
1377,8900,78,57628,Petrol,110,1600,5,85
1378,8950,75,57537,Petrol,86,1300,5,69
1379,6750,76,57263,Petrol,110,1600,3,69
1380,7950,75,57144,Petrol,110,1600,5,85
1381,8600,69,57096,Petrol,86,1300,3,69
1382,7750,80,57000,Petrol,86,1300,4,69
1383,7800,73,56566,Petrol,110,1600,3,69
1384,8750,73,56307,Petrol,110,1600,3,69
1385,9500,79,56214,Petrol,86,1300,3,69
1386,7750,74,56132,Petrol,110,1600,4,69
1387,9950,79,55425,Petrol,110,1600,5,85
1388,7750,77,54439,Petrol,86,1300,3,69
1389,5950,69,53809,Petrol,110,1600,3,69
1390,10950,76,53133,Petrol,110,1600,5,85
1391,9450,77,52900,Petrol,110,1600,4,19
1392,8250,80,52700,Petrol,110,1600,3,69
1393,9750,69,52320,Petrol,110,1600,5,85
1394,7450,78,52287,Petrol,110,1600,5,19
1395,8750,75,52000,Petrol,110,1600,5,19
1396,8750,69,52000,Petrol,110,1600,3,69
1397,8500,73,52000,Petrol,110,1600,4,85
1398,8950,70,51874,Petrol,86,1300,4,69
1399,7500,79,49827,Petrol,86,1300,5,69
1400,7250,69,49640,Petrol,110,1600,4,69
1401,7450,80,49580,Petrol,110,1600,4,69
1402,8750,76,49170,Petrol,86,1300,3,69
1403,9800,77,48838,Petrol,110,1600,3,85
1404,7500,71,48576,Petrol,86,1300,3,69
1405,8950,75,48400,Petrol,110,1600,5,85
1406,8950,74,48242,Petrol,86,1300,5,69
1407,7450,70,47955,Petrol,110,1600,5,85
1408,8950,71,47633,Petrol,110,1600,5,85
1409,10500,78,47400,Petrol,86,1300,5,69
1410,7000,73,47360,Petrol,86,1300,3,69
1411,8500,77,45507,Petrol,110,1600,3,69
1412,7750,76,45410,Petrol,86,1300,5,69
1413,8950,70,44850,Petrol,110,1600,3,69
1414,8250,69,44826,Petrol,110,1600,5,85
1415,9250,80,44444,Petrol,110,1600,3,69
1416,7900,75,43720,Petrol,110,1600,5,85
1417,8500,78,43622,Petrol,86,1300,4,69
1418,7950,76,43532,Petrol,110,1600,5,85
1419,9950,69,42800,Petrol,110,1600,3,69
1420,8750,74,42317,Petrol,107,1600,5,85
1421,7500,80,42186,Petrol,110,1600,3,69
1422,6950,72,42000,Petrol,110,1600,3,69
1423,8950,79,40093,Petrol,110,1600,5,19
1424,8750,79,39800,Petrol,107,1600,3,85
1425,7750,73,39168,Petrol,86,1300,3,69
1426,8450,75,38945,Petrol,110,1600,3,69
1427,8150,76,36537,Petrol,110,1600,4,85
1428,8500,78,36000,Petrol,86,1300,3,69
1429,7600,78,36000,Petrol,110,1600,3,69
1430,7950,80,35821,Petrol,86,1300,3,19
1431,7750,73,34717,Petrol,86,1300,3,69
1432,7950,80,34000,Petrol,86,1300,4,69
1433,9950,78,30964,Petrol,110,1600,3,85
1434,8950,71,29000,Petrol,86,1300,3,69
1435,8450,72,26000,Petrol,86,1300,3,69
1436,8950,78,24000,Petrol,86,1300,5,85
1437,8450,80,23000,Petrol,86,1300,3,69
1438,7500,69,20544,Petrol,86,1300,3,69
1439,10845,72,19000,Petrol,86,1300,3,69
1440,8500,71,17016,Petrol,86,1300,3,69
1441,7250,70,16916,Petrol,86,1300,3,69
1442,6950,76,1,Petrol,110,1600,5,19
